debank_id,defillama_id,url,logo
aave2,aave-v2,https://app.aave.com,https://static.debank.com/image/project/logo_url/aave2/b8d1ef85570855176b102edf8cda6f8d.png
aave3,aave-v3,https://app.aave.com,https://static.debank.com/image/project/logo_url/aave3/54df7839ab09493ba7540ab832590255.png
aerodrome,aerodrome-slipstream,https://aerodrome.finance/,https://static.debank.com/image/project/logo_url/base_aerodrome/f02d753bc321dc8ba480f0424a686482.png
aerodrome3,aerodrome-v1,https://aerodrome.finance/,https://static.debank.com/image/project/logo_url/base_aerodrome/f02d753bc321dc8ba480f0424a686482.png
aoarweave,aoarweave,https://ao.arweave.dev,https://static.debank.com/image/project/logo_url/aoarweave/8beb4b94d760de58e332e57f6af97d69.png
astherus,astherus,https://astherus.finance,https://static.debank.com/image/project/logo_url/bsc_astherus/eea140d781d238968bc1e3b6acbaa5c2.png
aurafinance,aura,https://app.aura.finance/#/,https://static.debank.com/image/project/logo_url/aurafinance/70072ae87b9a6281159b6a5a4d06df49.png
avalon,avalon,https://app.avalonfinance.xyz/,https://static.debank.com/image/project/logo_url/merlin_avalon/578706a7e1a64f7db59cc2f3fa8d7671.png
balancer2,balancer-v2,https://balancer.fi,https://static.debank.com/image/project/logo_url/balancer2/4318f98916b139a44996fc06531e9074.png
balancer3,balancer-v3,https://balancer.fi,https://static.debank.com/image/project/logo_url/xdai_balancer3/82d080651ec38c39a896b768a5a9b8cf.png
beefy,beefy,https://app.beefy.com,https://static.debank.com/image/project/logo_url/avax_beefy/98a5cc0f4596cbdeb9abe5125ae7e9e7.png
beethovenx,beets-dex,https://beets.fi,https://static.debank.com/image/project/logo_url/ftm_beethovenx/18f1c00fc852fb63dc2ee781625aa7ec.png
benqi,benqi-lending,https://app.benqi.fi/,https://static.debank.com/image/project/logo_url/avax_benqi/67aed32e05c1184021a7e0e013d534f8.png
berahub,bera,https://hub.berachain.com/,https://static.debank.com/image/project/logo_url/bera_berahub/9d49abeb0d49236c4b6dfa674cd8ca32.png
bex,bex,https://hub.berachain.com,https://static.debank.com/image/project/logo_url/bera_berahub/9d49abeb0d49236c4b6dfa674cd8ca32.png
bnbchain,binance-smart-chain,https://www.bnbchain.org/en/bnb-staking,https://static.debank.com/image/ela_token/logo_url/0x51b85f3889c7ea8f6d5edebfbadada0fdce236c9/1177dec1b9b7f58a799c3f22d93b04e1.png
bouncebit,bouncebit,https://bouncebit.io,https://static.debank.com/image/project/logo_url/bouncebit/a6d5babdad47da52f71de05ef04ad996.png
camelot2,camelot-v2,https://app.camelot.exchange,https://static.debank.com/image/project/logo_url/arb_camelot/e5ba705c36ff1c84559cc8c82e540acd.png
chainlink,chainlink,https://staking.chain.link,https://static.debank.com/image/project/logo_url/chainlink/7a80d54763b0b773cefd64582cef890d.png
cian,cian-vaults,https://dapp.cian.app,https://static.debank.com/image/project/logo_url/avax_cian/b24f78d882463b76f575370444e9c130.png
compound,compound-v2,https://app.compound.finance,https://static.debank.com/image/project/logo_url/compound/0b792243f1f68e9ed082f5a49ee6f21d.png
compound3,compound-v3,https://v3-app.compound.finance,https://static.debank.com/image/project/logo_url/compound3/28e2b958e38eb0c49d600633b9ce0969.png
concrete,concrete,https://www.concrete.xyz/,https://static.debank.com/image/project/logo_url/concrete/4976a19841e9c2c930df0805868f2309.png
convex,convex-finance,https://www.convexfinance.com,https://static.debank.com/image/project/logo_url/convex/f7de1d568d41ea275b35558c391ab86c.png
curve,curve-dex,https://curve.fi,https://static.debank.com/image/project/logo_url/curve/aa991be165e771cff87ae61e2a61ef68.png
dolomite,dolomite,https://app.dolomite.io/,https://static.debank.com/image/project/logo_url/arb_dolomite/6fc436d734486e376fa13e1505ec3c63.png
dxsale,dxsale,https://dx.app,https://static.debank.com/image/project/logo_url/bsc_dxsale/d01b1e24b3ea0d39427ce5a4dbca40cd.png
eigenlayer,eigenlayer,https://app.eigenlayer.xyz,https://static.debank.com/image/project/logo_url/eigenlayer/60961d60d58c7619cf845ff06b2236af.png
elixir,elixir,https://www.elixir.xyz/apothecary,https://static.debank.com/image/project/logo_url/arb_elixir/897e2ddc5a757cf56233e187ead36712.png
ethena,ethena-usde,https://www.ethena.fi,https://static.debank.com/image/project/logo_url/ethena/bb8bd15480078225e9eca0f9b52415d4.png
etherfi,ether.fi-stake,https://www.ether.fi/,https://static.debank.com/image/project/logo_url/etherfi/6c3ea6e8f02322fa9b417e0726978c41.png
ethereal,ethereal,https://www.ethereal.trade,https://static.debank.com/image/project/logo_url/ethereal/9cf448f36e1ebb2208b6182ed53533c4.png
eth2,ethereum,https://launchpad.ethereum.org,https://static.debank.com/image/project/logo_url/eth2/6da319fb51fbc4548ee66448fda02130.png
euler2,euler-v2,https://www.euler.finance/,https://static.debank.com/image/project/logo_url/euler2/672f19349da6dd7cdf30621720681753.png
fluid,fluid-lending,https://fluid.instadapp.io/,https://static.debank.com/image/project/logo_url/fluid/faeb92cc788df0676eb21db724f80704.png
frax,frax,https://app.frax.finance,https://static.debank.com/image/project/logo_url/frax/0bbd098aba20703a84601865177e6d73.png
gmx,gmx-v1,https://gmx.io,https://static.debank.com/image/project/logo_url/arb_gmx/1a57f390512f4fe108c2b7155dc1fb6d.png
gmx2,gmx-v2-perps,https://app.gmx.io/v2#/dashboard,https://static.debank.com/image/project/logo_url/arb_gmx/1a57f390512f4fe108c2b7155dc1fb6d.png
goldfinch,goldfinch,https://app.goldfinch.finance,https://static.debank.com/image/project/logo_url/goldfinch/5bf740d0b67a18f9c1786ad3ffe08628.png
governance,governance,https://vote.makerdao.com/delegates,https://static.debank.com/image/project/logo_url/makerdao_governance/d61b7a2e265e683eaeed34633bec288d.png
hedgey,hedgey,https://app.hedgey.finance,https://static.debank.com/image/project/logo_url/linea_hedgey/1f3e1b9915eeada2384a192a481612b9.png
helio,helio,https://lista.org,https://static.debank.com/image/project/logo_url/bsc_helio/a0a8dc10eb9ad6a84f7e19b611806847.png
hyperliquid,hyperliquid,https://app.hyperliquid.xyz/,https://static.debank.com/image/project/logo_url/arb_hyperliquid/4fc03037fcc40206676e90c8568b907b.png
infrared,infrared,https://infrared.finance,https://static.debank.com/image/project/logo_url/bera_infrared/bff80238b64c972f641db93a0689e9a6.png
traderjoexyz,joe-v2.1,https://lfj.gg,https://static.debank.com/image/project/logo_url/avax_traderjoexyz/961dd8fbeac3d6ee62170c8db600ba25.png
karaknetwork,karak,https://app.karak.network,https://static.debank.com/image/project/logo_url/karak/0ae0ff47ff24b271fc092c65f6131870.png
kelpdao,kelp,https://kelpdao.xyz,https://static.debank.com/image/project/logo_url/kelpdao/c18eb40161eedcff7a7723759a2aaaf7.png
kerneldao,kerneldao,https://app.kerneldao.com,https://static.debank.com/image/project/logo_url/bsc_kerneldao/ef8fd62854838e214c062a4f5c6d9d73.png
kiln,kiln,https://www.kiln.fi/,https://static.debank.com/image/project/logo_url/kiln/764a3bb111180e42794893453cb0a3c8.png
kodiak,kodiak,https://kodiak.finance,https://static.debank.com/image/project/logo_url/bera_kodiak/6efdda60b7a40076e70754a00f2af0d0.png
lido,lido-staking,https://stake.lido.fi,https://static.debank.com/image/project/logo_url/lido/081388ebc44fa042561749bd5338d49e.png
liquidcollective,liquid-collective,https://liquidcollective.io/,https://static.debank.com/image/project/logo_url/liquidcollective/5828a4bcfc969ec8d11466b7d481105f.png
liquity,liquity-v1,https://www.liquity.org/frontend,https://static.debank.com/image/project/logo_url/liquity/794204ad55475b57b84384f4298e66ba.png
lombard,lombard,https://www.lombard.finance/,https://static.debank.com/image/project/logo_url/lombard/4b394605398bffb5ca2b04a9d8dcadc1.png
magpiexyz,magpie,https://www.magpiexyz.io,https://static.debank.com/image/project/logo_url/arb_magpiexyz/81e9a2e40d27ddaf502c8259f52c0cb6.png
makerdao,makerdao,https://app.spark.fi/,https://static.debank.com/image/project/logo_url/makerdao/3821328c7c6d5ac4fc87e2c2e4d1c684.png
mantradao,mantra,https://www.mantradao.com,https://static.debank.com/image/project/logo_url/mantradao/44ddc707ad4c662b41c4c7038cec9d00.png
mellow,mellow,https://app.mellow.finance/,https://static.debank.com/image/project/logo_url/mellow/9ce3dea3e0134a43f9649b5cb4f03a57.png
metamaskstaking,metamask-staking,https://metamask.io,https://static.debank.com/image/project/logo_url/metamaskswaps/59f09e094f18be9ceb171fcff12a8475.png
mnteth,meth-protocol,https://meth.mantle.xyz,https://static.debank.com/image/project/logo_url/mnteth/c6a5196a03ec0dcb0f0b522b30579f61.png
moonwell,moonwell,https://moonwell.fi,https://static.debank.com/image/project/logo_url/base_moonwell/c404f3c96c81c6dce2259517cb9ea5ce.png
aavemorpho3,morpho-aave,https://aavev3.morpho.org,https://static.debank.com/image/project/logo_url/aavemorpho3/4411a843b5778b39ac04bb0f7743c153.png
morphoblue,morpho-blue,https://app.morpho.org,https://static.debank.com/image/project/logo_url/morphoblue/4411a843b5778b39ac04bb0f7743c153.png
mysoniclabs,mysoniclabs,https://my.soniclabs.com,https://static.debank.com/image/project/logo_url/sonic_mysoniclabs/f4e61549f8f73ca5ec3bab454575410c.png
olympusdao,olympusdao,https://app.olympusdao.finance,https://static.debank.com/image/project/logo_url/olympusdao/7de5c458c4bcae136daa046eb4ef5b49.png
ondo,ondo,https://ondo.finance,https://static.debank.com/image/project/logo_url/ondo/cebc9b23eca5d22ca63089d6c3694fb2.png
originworld,origin-dollar,https://originworld.org/,https://static.debank.com/image/project/logo_url/matic_originworld/ba0354bf0d65a950dd1ba71d884c7678.png
pancakeswap,pancakeswap-amm,https://pancakeswap.finance,https://static.debank.com/image/project/logo_url/bsc_pancakeswap/d575f1697e05d43c237e3986dae3e8bb.png
pancakeswap3,pancakeswap-amm-v3,https://pancakeswap.finance,https://static.debank.com/image/project/logo_url/bsc_pancakeswap3/d575f1697e05d43c237e3986dae3e8bb.png
pendle2,pendle,https://app.pendle.finance,https://static.debank.com/image/project/logo_url/pendle2/d5cfacd3b8f7e0ec161c0de9977cabbd.png
pinksale,pinksale,https://www.pinksale.finance/,https://static.debank.com/image/project/logo_url/bsc_pinksale/ceb36e2a005db808c6f8ed6ff48e3fa9.png
playunseen,playunseen,https://playunseen.com,https://static.debank.com/image/project/logo_url/matic_playunseen/5df6628c67f72ffccbce9f8a45b7554c.png
pumpbtc,pumpbtc,https://mainnet.pumpbtc.xyz,https://static.debank.com/image/project/logo_url/pumpbtc/1866991b406e5864cc9836945c7ba4fb.png
rari,rari,https://rari.capital,https://static.debank.com/image/project/logo_url/rari/6b14002b51a95d583d1a6c600a438aae.png
renzo,renzo,https://app.renzoprotocol.com/,https://static.debank.com/image/project/logo_url/renzo/58505416482aa4d40f126c194c174b43.png
royco,reserve-protocol,https://www.royco.org,https://static.debank.com/image/project/logo_url/royco/11f43294bce462982bedd6d56db7dbb8.png
resolv,resolv,https://app.resolv.xyz,https://static.debank.com/image/project/logo_url/resolv/0ad4b80cca3ef8b60eb94ab501b1ca7a.png
ring,ring,https://ring.exchange,https://static.debank.com/image/project/logo_url/blast_ring/302274f35c3afc00cb8e0e0f303de025.png
ringsmoney,ringsmoney,https://app.rings.money,https://static.debank.com/image/project/logo_url/ringsmoney/8ad86977ca8343dd283fc003f1b006e7.png
rocketpool,rocket-pool,https://stake.rocketpool.net,https://static.debank.com/image/project/logo_url/rocketpool/772834e5bf734e4119917d7674094d08.png
sablier,sablier,https://app.sablier.com/,https://static.debank.com/image/project/logo_url/sablier/9e38761f6289bb491c6c9f0863c7ee07.png
safe,safe,https://gnosis-safe.io,https://static.debank.com/image/project/logo_url/gnosis_safe/cd360a74475ba95d5c76c189eee7f199.png
satlayer,satlayer,https://satlayer.xyz/,https://static.debank.com/image/project/logo_url/satlayer/0b8b7747a29b039f80eef234b2968638.png
shadowso,shadows,https://www.shadow.so,https://static.debank.com/image/project/logo_url/sonic_shadowso/72eb44fe5e33b375362d5256423b5293.png
silo,silo-v2,https://v2.silo.finance/,https://static.debank.com/image/project/logo_url/arb_silo/70cd780f68c001aa0d9543d596db5601.png
solv,solv,https://solv.finance,https://static.debank.com/image/project/logo_url/bsc_solv/4366650a7b1549194c4115c3be635176.png
sosovalue,sosovalue,https://ssi.sosovalue.com,https://static.debank.com/image/project/logo_url/base_sosovalue/5576f5d28c2916f608fde706eff42268.png
spark,spark,https://app.spark.fi,https://static.debank.com/image/project/logo_url/spark/08009533094452326c7b9439b8613389.png
sky,spectra-v2,https://app.sky.money/,https://static.debank.com/image/project/logo_url/sky/6ee24b04e01abbd4f2ace465a430fad4.png
spectra,spectra-v2,https://spectra.finance,https://static.debank.com/image/project/logo_url/spectra/8cb32fd48a49e8b1f739b64ac430ce35.png
usdxmoney,stables-labs-usdx,https://app.usdx.money,https://static.debank.com/image/project/logo_url/usdxmoney/8a6b8def624d7deffc1fa4ef44b85452.png
stader,stader,https://www.staderlabs.com,https://static.debank.com/image/project/logo_url/stader/04f5168bde2d4fcfe4e30434428f0728.png
stakestone,stakestone,https://app.stakestone.io,https://static.debank.com/image/project/logo_url/stakestone/2d7b387dc873b65856c8b811a44c4efa.png
stakewise,stakewise-v2,https://app.stakewise.io,https://static.debank.com/image/project/logo_url/stakewise/c23c49fcf9096ab73cf0001d78f570a3.png
staking,staking,https://staking.polygon.technology,https://static.debank.com/image/project/logo_url/polygon_staking/8798d4e070efcfe1cd805a80624ff9c7.png
stargate,stargate-v1,https://stargate.finance,https://static.debank.com/image/project/logo_url/stargate/3c6fbbbb1e62793ee34effb91d8769e7.png
sushiswap,sushiswap,https://www.sushi.com/swap,https://static.debank.com/image/project/logo_url/sushiswap/248a91277aac1ac16a457b8f61957089.png
swellnetwork,swell-liquid-staking,https://app.swellnetwork.io,https://static.debank.com/image/project/logo_url/swellnetwork/8c3b13cd64f69e5f932f5241ffddf79b.png
symbiotic,symbiotic,https://app.symbiotic.fi,https://static.debank.com/image/project/logo_url/symbiotic/77a8a373f6082ff7da5df5c67ae450a2.png
synthetix3,synthetix-v3,https://synthetix.io/,https://static.debank.com/image/project/logo_url/op_synthetix/04464abd08b056378b08412be2c2d214.png
thegraph,thegraph,https://thegraph.com,https://static.debank.com/image/project/logo_url/arb_thegraph/f9164385fff6140c922b928b90c6fd39.png
treehouse,treehouse,https://app.treehouse.finance/,https://static.debank.com/image/project/logo_url/treehouse/25a633bb5ddd8f4aad191bc663f47178.png
trustswap,trustswap,https://trustswap.com/,https://static.debank.com/image/project/logo_url/bsc_trustswap/ffd7319edfd7947bf178a7e8094f6a4a.png
unicrypt,unicrypt,https://app.uncx.network,https://static.debank.com/image/project/logo_url/unicrypt/c4d5d8ccea52896af13f27746bacfdd5.png
uniswap2,uniswap-v2,https://app.uniswap.org,https://static.debank.com/image/project/logo_url/uniswap2/87a541b3b83b041c8d12119e5a0d19f0.png
uniswap3,uniswap-v3,https://app.uniswap.org,https://static.debank.com/image/project/logo_url/uniswap3/87a541b3b83b041c8d12119e5a0d19f0.png
uniswap4,uniswap-v4,https://app.uniswap.org,https://static.debank.com/image/project/logo_url/uniswap3/87a541b3b83b041c8d12119e5a0d19f0.png
upshift,upshift,https://upshift.finance/,https://static.debank.com/image/project/logo_url/avax_upshift/814d7cd554a3167905f8af0f9ea364ef.png
usualmoney,usual,https://usual.money,https://static.debank.com/image/project/logo_url/usualmoney/0d3b322b4769c43d1426cc258e6f41b3.png
velodrome2,velodrome-v2,https://velodrome.finance/,https://static.debank.com/image/project/logo_url/op_velodrome/91c9c0f782ba8b2faf88e29b31e724fc.png
venus,venus-core-pool,https://app.venus.io,https://static.debank.com/image/project/logo_url/bsc_venus/07de2297c7aec45b2d52d9e75754789f.png
yearn2,yearn-finance,https://yearn.finance,https://static.debank.com/image/project/logo_url/yearn2/b0f88529a907964dbbf154337906db19.png
zerolend,zerolend,https://app.zerolend.xyz,https://static.debank.com/image/user/official_avatar/783402ca7d68b0617db66f3207e490b3_thumbnail.jpeg
zircuitcom,zircuit,https://stake.zircuit.com/,https://static.debank.com/image/project/logo_url/zircuit/9bce495f5b33502669985197e609dfc2.png